timestamp,symbol,bid_price,bid_quantity,ask_price,ask_quantity,last_price,last_quantity
1785748500,NVDA,127.97,1661,128.07,2290,128.07,81
1785748502,NVDA,128.02,901,128.12,2561,128.02,404
1785748504,NVDA,128.01,2435,128.11,2113,128.01,241
1785748506,NVDA,127.98,3322,128.08,651,128.08,454
1785748508,NVDA,127.91,1307,128.01,2316,128.01,727
1785748510,NVDA,127.91,1229,128.01,2837,127.91,209
1785748512,NVDA,127.82,1266,127.92,1480,127.82,170
1785748514,NVDA,127.78,2297,127.88,6006,127.78,252
1785748516,NVDA,127.79,4509,127.89,2106,127.89,534
1785748518,NVDA,127.74,1804,127.84,1197,127.84,147
1785748520,NVDA,127.75,976,127.85,613,127.85,130
1785748522,NVDA,127.79,2557,127.89,5704,127.79,338
1785748524,NVDA,127.76,3167,127.86,2338,127.76,255
1785748526,NVDA,127.77,2190,127.87,5311,127.77,256
1785748528,NVDA,127.67,2538,127.77,4859,127.77,312
1785748530,NVDA,127.72,3692,127.82,2273,127.72,577
1785748532,NVDA,127.66,2173,127.76,3127,127.76,545
1785748534,NVDA,127.56,1328,127.66,2416,127.56,100
1785748536,NVDA,127.53,1714,127.63,1975,127.53,149
1785748538,NVDA,127.51,6542,127.61,3371,127.61,329
1785748540,NVDA,127.47,2082,127.57,3586,127.47,186
1785748542,NVDA,127.54,1524,127.64,933,127.64,502
1785748544,NVDA,127.53,1773,127.63,1422,127.53,376
1785748546,NVDA,127.59,1455,127.69,1572,127.59,180
1785748548,NVDA,127.55,4402,127.65,1326,127.65,404
1785748550,NVDA,127.57,4401,127.67,2407,127.67,96
1785748552,NVDA,127.58,4281,127.68,4078,127.58,319
1785748554,NVDA,127.57,1779,127.67,1855,127.67,167
1785748556,NVDA,127.51,2065,127.61,1811,127.61,56
1785748558,NVDA,127.50,3858,127.60,4669,127.50,234
1785748560,NVDA,127.47,3618,127.57,1469,127.47,286
1785748562,NVDA,127.48,1123,127.58,1038,127.48,421
1785748564,NVDA,127.41,2559,127.51,1919,127.51,445
1785748566,NVDA,127.41,1472,127.51,2362,127.51,351
1785748568,NVDA,127.40,3319,127.50,1947,127.40,183
1785748570,NVDA,127.41,1844,127.51,3078,127.41,101
1785748572,NVDA,127.45,1485,127.55,4436,127.55,247
1785748574,NVDA,127.47,941,127.57,1490,127.47,510
1785748576,NVDA,127.55,5472,127.65,4964,127.65,201
1785748578,NVDA,127.55,2637,127.65,2346,127.55,144
1785748580,NVDA,127.55,1146,127.65,529,127.55,76
1785748582,NVDA,127.60,636,127.70,2794,127.60,372
1785748584,NVDA,127.68,554,127.78,928,127.68,432
1785748586,NVDA,127.68,705,127.78,781,127.68,303
1785748588,NVDA,127.63,6394,127.73,1286,127.63,94
1785748590,NVDA,127.61,3622,127.71,902,127.71,668
1785748592,NVDA,127.62,835,127.72,8772,127.72,319
1785748594,NVDA,127.63,2811,127.73,530,127.73,474
1785748596,NVDA,127.72,734,127.82,3682,127.82,311
1785748598,NVDA,127.78,4749,127.88,638,127.88,178
1785748600,NVDA,127.77,1377,127.87,1800,127.87,235
1785748602,NVDA,127.79,5183,127.89,1599,127.79,158
1785748604,NVDA,127.84,1399,127.94,6956,127.94,393
1785748606,NVDA,127.83,538,127.93,3283,127.93,278
1785748608,NVDA,127.74,2847,127.84,4370,127.84,206
1785748610,NVDA,127.71,3439,127.81,1394,127.71,262
1785748612,NVDA,127.73,3931,127.83,7508,127.83,475
1785748614,NVDA,127.71,2222,127.81,502,127.71,276
1785748616,NVDA,127.65,3337,127.75,1944,127.65,338
1785748618,NVDA,127.74,3831,127.84,2267,127.84,291
1785748620,NVDA,127.75,1696,127.85,4199,127.75,227
1785748622,NVDA,127.79,1050,127.89,3343,127.79,232
1785748624,NVDA,127.76,3530,127.86,6316,127.76,215
1785748626,NVDA,127.63,1395,127.73,3609,127.73,139
1785748628,NVDA,127.73,649,127.83,773,127.73,331
1785748630,NVDA,127.71,765,127.81,1675,127.81,221
1785748632,NVDA,127.75,1293,127.85,6136,127.85,495
1785748634,NVDA,127.81,1303,127.91,2582,127.81,378
1785748636,NVDA,127.89,3792,127.99,3388,127.89,367
1785748638,NVDA,127.86,2733,127.96,726,127.96,180
1785748640,NVDA,127.84,1533,127.94,521,127.84,777
1785748642,NVDA,127.92,516,128.02,2011,128.02,414
1785748644,NVDA,128.02,1182,128.12,3600,128.02,114
1785748646,NVDA,128.01,2015,128.11,1115,128.01,112
1785748648,NVDA,127.97,1052,128.07,2401,128.07,63
1785748650,NVDA,127.97,3924,128.07,4710,128.07,254
1785748652,NVDA,128.01,5529,128.11,2763,128.01,270
1785748654,NVDA,127.95,2271,128.05,1957,128.05,522
1785748656,NVDA,127.97,3293,128.07,1437,127.97,287
1785748658,NVDA,127.97,2173,128.07,3245,128.07,185
1785748660,NVDA,127.95,2529,128.05,4686,127.95,386
1785748662,NVDA,127.95,3265,128.05,4120,127.95,312
1785748664,NVDA,127.94,1275,128.04,2965,127.94,522
1785748666,NVDA,128.04,2013,128.14,3873,128.14,294
1785748668,NVDA,128.06,3666,128.16,1364,128.06,318
1785748670,NVDA,128.14,4980,128.24,868,128.14,686
1785748672,NVDA,128.18,3467,128.28,2572,128.18,180
1785748674,NVDA,128.20,3941,128.30,3014,128.30,278
1785748676,NVDA,128.21,1955,128.31,1814,128.21,273
1785748678,NVDA,128.24,3978,128.34,4133,128.34,268
1785748680,NVDA,128.27,1003,128.37,1555,128.27,226
1785748682,NVDA,128.26,1400,128.36,1135,128.36,140
1785748684,NVDA,128.22,1208,128.32,1457,128.22,149
1785748686,NVDA,128.21,1038,128.31,1273,128.21,245
1785748688,NVDA,128.32,2579,128.42,5112,128.32,144
1785748690,NVDA,128.33,2400,128.43,904,128.33,389
1785748692,NVDA,128.36,1168,128.46,5239,128.46,143
1785748694,NVDA,128.35,4216,128.45,961,128.35,479
1785748696,NVDA,128.39,2297,128.49,4229,128.39,445
1785748698,NVDA,128.39,4022,128.49,4873,128.49,455
1785748700,NVDA,128.39,3714,128.49,1021,128.49,270
1785748702,NVDA,128.34,2477,128.44,2925,128.44,280
1785748704,NVDA,128.31,866,128.41,4826,128.31,287
1785748706,NVDA,128.29,3035,128.39,4974,128.39,77
1785748708,NVDA,128.26,1169,128.36,2960,128.36,345
1785748710,NVDA,128.22,2138,128.32,4806,128.32,88
1785748712,NVDA,128.14,2899,128.24,3708,128.24,456
1785748714,NVDA,128.09,2227,128.19,3761,128.19,426
1785748716,NVDA,128.02,1029,128.12,2208,128.02,587
1785748718,NVDA,128.06,3333,128.16,4398,128.16,409
1785748720,NVDA,128.08,2494,128.18,2909,128.18,220
1785748722,NVDA,128.10,1659,128.20,1582,128.10,469
1785748724,NVDA,128.15,2086,128.25,2950,128.25,644
1785748726,NVDA,128.20,689,128.30,540,128.20,220
1785748728,NVDA,128.14,2065,128.24,1679,128.14,565
1785748730,NVDA,128.17,1842,128.27,2894,128.17,435
1785748732,NVDA,128.18,2080,128.28,1191,128.18,393
1785748734,NVDA,128.14,1680,128.24,1654,128.14,439
1785748736,NVDA,128.15,2371,128.25,1074,128.25,213
1785748738,NVDA,128.15,3494,128.25,1957,128.15,78
1785748740,NVDA,128.15,583,128.25,3788,128.15,57
1785748742,NVDA,128.21,4289,128.31,3036,128.31,79
1785748744,NVDA,128.16,1148,128.26,726,128.26,440
1785748746,NVDA,128.19,5644,128.29,7596,128.19,561
1785748748,NVDA,128.26,4575,128.36,1573,128.26,60
1785748750,NVDA,128.22,5985,128.32,2458,128.32,412
1785748752,NVDA,128.22,3598,128.32,2235,128.22,260
1785748754,NVDA,128.27,2973,128.37,584,128.27,497
1785748756,NVDA,128.30,3124,128.40,2176,128.40,95
1785748758,NVDA,128.21,548,128.31,624,128.31,487
1785748760,NVDA,128.27,2116,128.37,2530,128.27,270
1785748762,NVDA,128.23,636,128.33,1185,128.23,436
1785748764,NVDA,128.24,2666,128.34,2778,128.24,722
1785748766,NVDA,128.35,2192,128.45,2609,128.35,314
1785748768,NVDA,128.34,803,128.44,1984,128.34,349
1785748770,NVDA,128.33,2994,128.43,2085,128.33,89
1785748772,NVDA,128.41,2236,128.51,5989,128.51,166
1785748774,NVDA,128.40,2549,128.50,501,128.50,461
1785748776,NVDA,128.40,2002,128.50,1130,128.50,504
1785748778,NVDA,128.43,1043,128.53,3012,128.43,79
1785748780,NVDA,128.48,4633,128.58,1804,128.58,78
1785748782,NVDA,128.50,966,128.60,2058,128.50,157
1785748784,NVDA,128.56,529,128.66,790,128.66,433
1785748786,NVDA,128.47,638,128.57,879,128.57,217
1785748788,NVDA,128.47,5496,128.57,679,128.57,229
1785748790,NVDA,128.46,2318,128.56,2629,128.56,163
1785748792,NVDA,128.47,2011,128.57,2093,128.57,355
1785748794,NVDA,128.45,3644,128.55,2086,128.45,526
1785748796,NVDA,128.39,1782,128.49,3463,128.39,453
1785748798,NVDA,128.41,3842,128.51,3054,128.41,210
