timestamp,pair,open,high,low,close,volume
1759310100,BTCUSDT,62119.27,64186.61,61700.75,63804.20,19988
1759396500,BTCUSDT,63354.46,63728.91,60560.41,61133.10,17311
1759482900,BTCUSDT,61418.05,62039.63,59647.27,59808.49,30065
1759742100,BTCUSDT,59495.57,59877.62,57926.59,58524.10,42796
1759828500,BTCUSDT,58716.94,60695.71,58480.15,59773.68,28246
1759914900,BTCUSDT,59858.57,62835.81,59536.02,62671.23,31701
1760001300,BTCUSDT,62508.15,63045.74,58498.04,58663.92,44177
1760087700,BTCUSDT,58625.58,58971.26,57908.15,58404.12,25191
1760346900,BTCUSDT,58332.87,58902.96,57191.86,57377.73,32962
1760433300,BTCUSDT,57061.17,57522.55,54707.74,55353.24,56932
1760519700,BTCUSDT,55442.14,58216.26,54877.19,57502.62,32099
1760606100,BTCUSDT,57707.10,58343.82,57439.41,57933.52,55893
1760692500,BTCUSDT,57580.18,59547.54,57307.92,58156.51,38365
1760951700,BTCUSDT,58289.44,61003.71,57428.95,60799.79,72052
1761038100,BTCUSDT,60960.85,61398.90,59854.81,60289.71,25348
1761124500,BTCUSDT,59952.03,65783.49,59470.67,65054.95,38423
1761210900,BTCUSDT,65142.04,67088.61,64826.24,66774.78,44594
1761297300,BTCUSDT,67088.46,70034.70,66534.89,69118.59,20952
1761556500,BTCUSDT,69351.82,71698.98,68875.18,71383.17,50666
1761642900,BTCUSDT,71406.93,74885.96,71107.45,74238.07,33436
1761729300,BTCUSDT,74448.92,75121.09,72923.75,74778.07,44791
1761815700,BTCUSDT,74994.21,76653.27,74724.05,75064.07,69384
1761902100,BTCUSDT,74630.46,76090.60,74323.86,74487.27,34112
1762161300,BTCUSDT,75064.12,76280.48,73731.34,75612.04,31480
1762247700,BTCUSDT,74837.78,75121.14,70723.46,71565.53,34071
1762334100,BTCUSDT,71615.23,72385.36,67142.98,67426.40,52275
1762420500,BTCUSDT,67990.87,68265.36,64832.23,64987.04,38087
1762506900,BTCUSDT,64511.80,64991.61,63713.23,64534.41,27229
1762766100,BTCUSDT,64488.20,66495.71,64179.87,66050.51,40456
1762852500,BTCUSDT,66146.41,67575.05,65766.90,66075.02,22549
1762938900,BTCUSDT,66296.20,67865.92,66119.03,67293.40,85137
1763025300,BTCUSDT,67077.89,67920.68,65257.04,65747.38,90070
1763111700,BTCUSDT,65847.42,70806.91,64920.28,70553.00,45714
1763370900,BTCUSDT,70033.18,70632.32,66859.59,67441.61,66227
1763457300,BTCUSDT,67356.03,67616.23,66741.76,67310.57,29432
1763543700,BTCUSDT,67904.23,69488.64,65410.86,65564.98,23982
1763630100,BTCUSDT,65016.82,65856.73,63635.62,64581.59,73595
1763716500,BTCUSDT,64616.31,66031.54,64246.32,65693.89,94584
1763975700,BTCUSDT,65747.26,66937.89,65354.26,66781.23,24381
1764062100,BTCUSDT,66719.03,68766.78,66563.65,68256.54,49298
1764148500,BTCUSDT,68915.28,70382.00,67999.47,69944.27,31138
1764234900,BTCUSDT,69895.15,70625.15,67701.13,68319.93,43706
1764321300,BTCUSDT,68795.89,69336.97,68260.46,68995.18,32903
1764580500,BTCUSDT,69263.59,70083.59,66239.71,67062.40,43836
1764666900,BTCUSDT,67103.97,68670.93,66610.52,68513.26,36268
1764753300,BTCUSDT,68779.93,74052.40,68320.62,73321.12,61000
1764839700,BTCUSDT,73489.94,78141.81,72338.96,76412.59,80304
1764926100,BTCUSDT,76557.06,77425.28,73553.29,74517.49,26857
1765185300,BTCUSDT,74565.57,75615.71,72931.77,75456.53,36359
1765271700,BTCUSDT,74819.93,77805.05,74141.56,77511.25,34921
1765358100,BTCUSDT,77576.66,79035.84,77236.23,78629.03,36877
1765444500,BTCUSDT,78527.84,79468.08,75997.57,76407.07,40050
1765530900,BTCUSDT,76776.63,77107.43,73834.89,74346.06,26566
1765790100,BTCUSDT,73862.29,75931.79,73211.45,74981.09,53796
1765876500,BTCUSDT,75563.88,76051.08,73835.47,74298.74,34091
1765962900,BTCUSDT,74014.50,78951.38,73511.30,78056.75,67976
1766049300,BTCUSDT,78163.86,78643.74,75850.28,77288.49,42652
1766135700,BTCUSDT,76872.67,77467.49,75885.38,76834.27,22059
1766394900,BTCUSDT,76486.39,78064.79,76213.15,77848.75,43047
1766481300,BTCUSDT,77658.95,79868.97,77418.20,79095.97,37625
1766567700,BTCUSDT,79007.41,81316.10,78667.33,80367.63,57516
1766654100,BTCUSDT,80835.79,82013.73,76803.16,77289.72,40739
1766740500,BTCUSDT,77663.18,78030.60,75410.48,76059.42,34160
1766999700,BTCUSDT,75965.33,76569.07,74088.67,74769.62,34757
1767086100,BTCUSDT,74536.64,77260.19,73971.51,77007.42,34637
1767172500,BTCUSDT,76736.15,78257.76,76139.46,77714.93,29463
1767258900,BTCUSDT,77671.32,82473.25,76867.26,81339.49,35198
1767345300,BTCUSDT,81337.30,82525.44,78608.65,79710.32,66070
1767604500,BTCUSDT,79943.17,80258.94,77730.11,78444.03,18658
1767690900,BTCUSDT,78717.52,81102.47,78218.57,80223.41,24661
1767777300,BTCUSDT,80432.24,80863.10,74239.46,75128.62,57201
1767863700,BTCUSDT,74620.73,75178.08,74447.57,74933.91,35538
1767950100,BTCUSDT,75365.85,75522.85,74107.31,74456.06,37376
1768209300,BTCUSDT,74137.59,74679.16,69797.95,70384.88,24517
1768295700,BTCUSDT,70146.31,70416.29,69383.37,69837.07,40526
1768382100,BTCUSDT,69687.18,70124.38,68072.21,68529.38,26160
1768468500,BTCUSDT,68112.36,69011.27,67947.63,68729.58,41277
1768554900,BTCUSDT,68971.73,69933.95,67481.21,68068.74,31000
1768814100,BTCUSDT,67932.45,70669.35,67771.05,69372.67,39800
1768900500,BTCUSDT,69196.11,69454.78,67053.51,67585.37,45704
1768986900,BTCUSDT,67285.55,67821.33,64521.86,65575.18,45048
1769073300,BTCUSDT,65561.26,68624.30,65211.87,68380.49,45413
1769159700,BTCUSDT,68261.33,68595.92,66989.90,67440.70,35011
1769418900,BTCUSDT,67279.46,67782.97,62403.00,63284.50,54074
1769505300,BTCUSDT,63180.90,67203.85,62795.27,66922.94,35930
1769591700,BTCUSDT,66822.45,67535.51,66201.87,67113.94,29615
1769678100,BTCUSDT,67277.29,68512.00,67073.45,68221.25,21318
1769764500,BTCUSDT,68257.28,68734.64,66442.38,67058.07,29882
1770023700,BTCUSDT,67114.30,69618.91,66304.83,69317.58,33302
1770110100,BTCUSDT,69191.08,70363.02,67553.32,68539.11,26770
1770196500,BTCUSDT,68648.90,70220.91,68255.97,69769.91,35150
1770282900,BTCUSDT,70031.91,73864.83,68849.31,73704.55,25540
1770369300,BTCUSDT,73891.17,77688.79,73226.88,77218.84,31575
1770628500,BTCUSDT,77604.90,81642.30,77403.51,81111.73,26720
1770714900,BTCUSDT,81267.62,82326.06,77316.33,77657.48,47087
1770801300,BTCUSDT,77229.95,78299.81,76247.95,76668.87,37032
1770887700,BTCUSDT,76342.05,77609.73,74602.77,74827.17,22718
1770974100,BTCUSDT,74964.37,76979.68,73642.86,73972.13,18348
1771233300,BTCUSDT,74043.59,78889.70,73417.87,78426.92,46746
1771319700,BTCUSDT,78388.83,78573.91,77498.55,77801.20,46642
1759310100,ETHUSDT,2546.83,2558.03,2494.94,2540.41,192147
1759396500,ETHUSDT,2540.03,2567.01,2525.86,2557.69,183625
1759482900,ETHUSDT,2557.28,2572.55,2404.43,2414.42,180430
1759742100,ETHUSDT,2410.84,2489.39,2381.04,2469.74,90473
1759828500,ETHUSDT,2463.78,2492.02,2452.95,2483.09,183572
1759914900,ETHUSDT,2469.12,2490.87,2395.00,2435.12,178007
1760001300,ETHUSDT,2420.51,2435.94,2265.95,2293.21,361999
1760087700,ETHUSDT,2296.00,2325.58,2284.27,2310.84,316812
1760346900,ETHUSDT,2311.86,2322.74,2223.85,2233.89,159740
1760433300,ETHUSDT,2228.00,2241.11,2110.29,2126.26,59679
1760519700,ETHUSDT,2127.81,2143.32,2106.31,2117.39,244162
1760606100,ETHUSDT,2104.30,2168.59,2097.39,2146.83,124321
1760692500,ETHUSDT,2143.44,2147.76,2048.88,2054.13,75286
1760951700,ETHUSDT,2047.47,2113.61,2031.89,2096.48,160203
1761038100,ETHUSDT,2089.95,2159.42,2063.63,2139.64,302214
1761124500,ETHUSDT,2139.24,2203.97,2109.57,2191.25,204577
1761210900,ETHUSDT,2184.99,2205.69,2028.84,2039.70,256966
1761297300,ETHUSDT,2046.76,2067.92,1976.22,1985.09,250390
1761556500,ETHUSDT,1985.24,2098.95,1970.99,2075.10,157962
1761642900,ETHUSDT,2079.93,2147.35,2057.41,2124.80,218449
1761729300,ETHUSDT,2123.93,2144.73,2048.28,2062.03,249644
1761815700,ETHUSDT,2055.38,2074.35,1952.93,1965.91,221393
1761902100,ETHUSDT,1957.33,2038.47,1943.42,2023.71,206454
1762161300,ETHUSDT,2026.22,2042.00,2003.64,2036.40,262035
1762247700,ETHUSDT,2031.72,2121.56,2008.44,2112.87,181317
1762334100,ETHUSDT,2115.21,2132.42,2095.63,2118.38,95972
1762420500,ETHUSDT,2111.33,2150.49,2101.27,2138.52,157821
1762506900,ETHUSDT,2137.31,2181.08,2127.29,2148.11,189033
1762766100,ETHUSDT,2150.06,2161.44,2041.00,2058.96,277347
1762852500,ETHUSDT,2041.77,2119.24,2013.92,2096.52,207673
1762938900,ETHUSDT,2099.81,2104.02,2038.83,2054.50,171033
1763025300,ETHUSDT,2061.81,2066.40,1965.28,1997.75,126564
1763111700,ETHUSDT,1991.52,2084.02,1966.30,2070.59,202216
1763370900,ETHUSDT,2068.82,2176.65,2048.91,2147.02,110228
1763457300,ETHUSDT,2148.50,2153.29,2075.61,2086.53,188110
1763543700,ETHUSDT,2084.72,2105.13,1940.61,1948.57,142411
1763630100,ETHUSDT,1940.71,1966.80,1934.41,1956.13,136163
1763716500,ETHUSDT,1964.53,2019.94,1947.41,2009.55,322177
1763975700,ETHUSDT,2015.73,2023.48,1976.21,1992.16,380652
1764062100,ETHUSDT,1983.70,2005.94,1958.76,1999.29,334603
1764148500,ETHUSDT,1998.41,2016.74,1884.69,1888.78,155503
1764234900,ETHUSDT,1887.54,1936.07,1882.58,1901.01,249164
1764321300,ETHUSDT,1894.22,1914.31,1789.82,1817.89,234965
1764580500,ETHUSDT,1827.13,1842.02,1797.24,1814.33,70215
1764666900,ETHUSDT,1814.89,1828.41,1742.39,1746.82,144167
1764753300,ETHUSDT,1751.58,1773.08,1667.70,1672.97,104727
1764839700,ETHUSDT,1663.52,1690.74,1634.97,1651.70,207599
1764926100,ETHUSDT,1646.19,1670.93,1606.29,1624.59,188936
1765185300,ETHUSDT,1632.68,1649.44,1624.80,1642.07,151215
1765271700,ETHUSDT,1646.71,1658.61,1566.23,1608.32,179376
1765358100,ETHUSDT,1601.73,1707.11,1592.36,1698.44,154287
1765444500,ETHUSDT,1696.64,1717.94,1688.29,1708.39,293855
1765530900,ETHUSDT,1697.42,1724.23,1693.26,1720.18,220915
1765790100,ETHUSDT,1715.73,1734.58,1700.16,1726.82,251366
1765876500,ETHUSDT,1734.30,1779.38,1707.76,1720.80,134581
1765962900,ETHUSDT,1717.31,1808.89,1712.72,1785.85,222631
1766049300,ETHUSDT,1787.35,1817.69,1759.79,1779.26,152180
1766135700,ETHUSDT,1778.07,1795.42,1709.36,1720.79,201266
1766394900,ETHUSDT,1721.95,1770.14,1717.14,1759.47,190360
1766481300,ETHUSDT,1753.13,1830.28,1734.67,1823.19,110448
1766567700,ETHUSDT,1822.18,1894.44,1803.29,1883.10,206614
1766654100,ETHUSDT,1888.33,1962.46,1871.65,1942.77,240980
1766740500,ETHUSDT,1946.09,1965.56,1874.66,1896.43,257321
1766999700,ETHUSDT,1898.61,1989.84,1865.40,1965.93,192805
1767086100,ETHUSDT,1978.02,1985.99,1912.55,1946.45,121246
1767172500,ETHUSDT,1949.64,1978.25,1895.06,1914.15,172669
1767258900,ETHUSDT,1910.72,1918.19,1841.14,1857.21,234768
1767345300,ETHUSDT,1850.43,1903.68,1843.30,1889.32,187540
1767604500,ETHUSDT,1888.26,2018.08,1874.20,2007.53,130887
1767690900,ETHUSDT,2003.93,2018.63,1971.63,1990.18,157454
1767777300,ETHUSDT,2001.19,2071.75,1983.50,2065.79,94086
1767863700,ETHUSDT,2064.22,2078.90,2008.87,2028.42,196404
1767950100,ETHUSDT,2016.45,2043.50,1964.43,1968.85,215341
1768209300,ETHUSDT,1973.93,2027.35,1964.40,2008.52,254062
1768295700,ETHUSDT,2010.64,2068.58,1974.14,2043.04,84651
1768382100,ETHUSDT,2036.44,2046.76,1996.56,2029.72,265711
1768468500,ETHUSDT,2027.56,2063.30,1942.17,1967.36,313159
1768554900,ETHUSDT,1976.48,1999.12,1893.01,1897.11,106500
1768814100,ETHUSDT,1885.76,2056.78,1867.33,2016.77,134713
1768900500,ETHUSDT,2018.33,2090.86,1978.68,2082.95,209910
1768986900,ETHUSDT,2086.27,2090.86,2028.27,2051.17,237755
1769073300,ETHUSDT,2045.57,2112.06,2027.73,2078.96,224202
1769159700,ETHUSDT,2084.42,2121.16,2024.31,2035.60,122512
1769418900,ETHUSDT,2030.95,2059.13,2004.05,2035.36,187424
1769505300,ETHUSDT,2020.97,2049.66,1898.47,1924.09,187552
1769591700,ETHUSDT,1929.76,2107.33,1893.81,2101.10,108811
1769678100,ETHUSDT,2089.64,2097.58,1978.86,2003.28,128649
1769764500,ETHUSDT,2005.93,2034.77,1971.44,1995.63,210169
1770023700,ETHUSDT,2005.19,2158.05,1978.52,2135.55,315803
1770110100,ETHUSDT,2146.91,2158.37,2128.25,2147.03,182643
1770196500,ETHUSDT,2153.22,2248.29,2130.36,2240.74,153141
1770282900,ETHUSDT,2235.52,2261.03,2174.49,2180.25,201576
1770369300,ETHUSDT,2176.82,2218.70,2147.21,2207.80,180131
1770628500,ETHUSDT,2207.40,2309.31,2185.92,2294.87,229464
1770714900,ETHUSDT,2284.62,2342.78,2257.54,2300.37,140248
1770801300,ETHUSDT,2306.86,2316.18,2230.39,2243.75,146438
1770887700,ETHUSDT,2249.56,2266.97,2202.12,2239.37,158867
1770974100,ETHUSDT,2244.59,2299.86,2222.42,2273.21,280201
1771233300,ETHUSDT,2278.39,2301.41,2184.28,2189.52,233568
1771319700,ETHUSDT,2206.54,2239.48,2174.05,2207.80,111100
1759310100,SOLUSDT,144.45,157.79,142.58,155.39,595867
1759396500,SOLUSDT,155.80,162.81,154.70,162.31,1779202
1759482900,SOLUSDT,162.07,162.55,152.03,153.89,544214
1759742100,SOLUSDT,153.86,154.41,151.93,152.73,529098
1759828500,SOLUSDT,151.73,153.15,139.62,141.12,621455
1759914900,SOLUSDT,140.90,143.01,139.52,142.65,696654
1760001300,SOLUSDT,142.82,146.11,142.27,143.86,1375093
1760087700,SOLUSDT,143.63,155.86,142.43,155.54,674760
1760346900,SOLUSDT,155.73,157.11,153.68,156.58,567041
1760433300,SOLUSDT,157.43,162.20,154.52,160.84,679583
1760519700,SOLUSDT,160.38,160.71,140.52,142.21,1008771
1760606100,SOLUSDT,143.71,144.14,137.60,139.20,625224
1760692500,SOLUSDT,139.52,150.63,136.67,149.95,811798
1760951700,SOLUSDT,150.19,155.63,148.04,153.72,841643
1761038100,SOLUSDT,154.24,155.33,149.31,150.02,1346489
1761124500,SOLUSDT,149.37,151.71,136.91,138.24,1022768
1761210900,SOLUSDT,138.49,140.49,133.31,133.87,1387438
1761297300,SOLUSDT,134.17,135.92,127.79,129.13,540507
1761556500,SOLUSDT,129.55,131.01,125.36,125.79,885746
1761642900,SOLUSDT,125.56,126.31,123.35,123.73,1509164
1761729300,SOLUSDT,124.62,125.23,120.98,123.52,792577
1761815700,SOLUSDT,123.72,124.87,123.43,124.36,1502745
1761902100,SOLUSDT,124.25,124.82,118.71,119.10,687543
1762161300,SOLUSDT,119.95,129.77,118.25,128.89,793991
1762247700,SOLUSDT,128.61,128.90,126.83,127.78,591772
1762334100,SOLUSDT,127.45,130.56,125.81,129.91,704217
1762420500,SOLUSDT,129.81,132.93,128.67,131.97,763085
1762506900,SOLUSDT,131.42,137.61,129.94,135.78,1826776
1762766100,SOLUSDT,135.25,139.07,125.76,126.97,424770
1762852500,SOLUSDT,127.42,132.28,125.37,131.24,1049652
1762938900,SOLUSDT,131.75,139.53,129.48,138.49,1122737
1763025300,SOLUSDT,138.74,139.21,132.91,133.97,1036567
1763111700,SOLUSDT,134.49,141.62,133.17,140.79,1533319
1763370900,SOLUSDT,141.00,142.42,135.64,136.34,888783
1763457300,SOLUSDT,135.84,142.89,134.63,142.29,693996
1763543700,SOLUSDT,142.74,144.48,139.24,140.68,867174
1763630100,SOLUSDT,140.83,142.94,139.29,140.10,584651
1763716500,SOLUSDT,139.65,147.06,138.66,145.50,354516
1763975700,SOLUSDT,146.26,147.01,138.26,139.36,1017723
1764062100,SOLUSDT,139.91,145.17,138.64,144.60,1041597
1764148500,SOLUSDT,143.80,148.12,143.38,147.46,962011
1764234900,SOLUSDT,148.04,152.92,147.01,152.38,783805
1764321300,SOLUSDT,153.63,154.50,139.29,140.17,871582
1764580500,SOLUSDT,140.78,141.96,133.80,135.68,1143189
1764666900,SOLUSDT,136.63,149.71,135.79,149.20,619780
1764753300,SOLUSDT,149.72,150.85,142.13,143.85,770369
1764839700,SOLUSDT,144.22,145.55,142.38,143.80,1143335
1764926100,SOLUSDT,143.73,145.66,142.98,144.72,1113202
1765185300,SOLUSDT,144.32,145.99,143.64,144.88,794213
1765271700,SOLUSDT,145.03,145.61,136.54,139.35,470760
1765358100,SOLUSDT,138.67,139.34,135.41,136.94,1252041
1765444500,SOLUSDT,136.23,147.02,134.87,146.27,487576
1765530900,SOLUSDT,145.38,146.13,141.69,142.95,519923
1765790100,SOLUSDT,143.30,144.15,138.13,139.18,951332
1765876500,SOLUSDT,140.08,152.53,139.21,151.44,845968
1765962900,SOLUSDT,150.72,152.81,148.68,150.55,641696
1766049300,SOLUSDT,149.90,152.77,142.18,145.22,800056
1766135700,SOLUSDT,145.69,152.78,144.05,151.86,669412
1766394900,SOLUSDT,152.02,152.97,148.44,148.79,639907
1766481300,SOLUSDT,148.72,150.68,148.37,149.46,740839
1766567700,SOLUSDT,150.52,152.84,148.86,152.49,427896
1766654100,SOLUSDT,152.84,160.57,152.51,159.55,808000
1766740500,SOLUSDT,160.23,160.72,154.25,154.80,937199
1766999700,SOLUSDT,155.74,158.19,153.60,154.55,1044846
1767086100,SOLUSDT,154.70,165.45,153.98,165.04,1019050
1767172500,SOLUSDT,165.37,166.59,160.09,161.44,797201
1767258900,SOLUSDT,161.20,161.86,150.56,151.06,1040342
1767345300,SOLUSDT,150.53,153.61,149.23,152.15,725489
1767604500,SOLUSDT,152.43,160.98,151.70,159.14,811442
1767690900,SOLUSDT,159.19,177.93,156.78,175.27,850219
1767777300,SOLUSDT,175.91,176.43,168.27,169.65,681497
1767863700,SOLUSDT,170.09,174.12,169.61,171.39,881272
1767950100,SOLUSDT,170.84,171.55,156.63,157.22,1239862
1768209300,SOLUSDT,157.95,159.43,147.16,148.35,369702
1768295700,SOLUSDT,148.57,153.90,147.67,151.44,999067
1768382100,SOLUSDT,150.88,157.38,149.41,157.04,969561
1768468500,SOLUSDT,156.09,166.13,154.39,163.24,1088687
1768554900,SOLUSDT,162.62,176.30,162.06,173.08,569633
1768814100,SOLUSDT,174.23,174.99,164.01,165.68,697437
1768900500,SOLUSDT,166.28,171.06,165.48,170.27,893997
1768986900,SOLUSDT,169.29,184.02,168.69,182.53,616730
1769073300,SOLUSDT,182.94,183.75,175.81,177.08,823932
1769159700,SOLUSDT,178.17,179.71,170.24,172.14,793479
1769418900,SOLUSDT,172.01,172.63,164.55,165.27,865171
1769505300,SOLUSDT,165.35,176.48,163.73,174.60,618347
1769591700,SOLUSDT,174.37,175.67,173.44,173.99,577047
1769678100,SOLUSDT,173.80,175.63,165.22,167.75,727564
1769764500,SOLUSDT,167.04,168.22,165.12,166.32,1744989
1770023700,SOLUSDT,165.51,173.23,161.54,172.53,400515
1770110100,SOLUSDT,171.69,172.28,168.95,169.62,1175175
1770196500,SOLUSDT,169.11,169.77,168.01,168.42,1515088
1770282900,SOLUSDT,169.00,173.67,168.05,171.28,887526
1770369300,SOLUSDT,171.97,173.06,165.87,166.23,951770
1770628500,SOLUSDT,165.44,167.42,161.83,164.92,715353
1770714900,SOLUSDT,164.72,166.77,157.37,158.21,736718
1770801300,SOLUSDT,157.92,159.62,150.60,151.23,685228
1770887700,SOLUSDT,150.86,158.03,149.91,156.77,835320
1770974100,SOLUSDT,158.18,163.75,157.26,161.42,1149848
1771233300,SOLUSDT,161.17,162.62,157.98,158.68,844377
1771319700,SOLUSDT,158.75,160.91,155.98,159.72,789230
