timestamp,ticker,open,high,low,close,volume
1759310100,RELIANCE,1278.31,1295.10,1250.89,1261.91,9850623
1759396500,RELIANCE,1260.89,1264.92,1249.70,1257.48,8224149
1759482900,RELIANCE,1254.25,1280.65,1248.65,1275.80,11115013
1759742100,RELIANCE,1269.16,1277.80,1230.29,1252.79,6710394
1759828500,RELIANCE,1259.20,1283.61,1250.80,1280.16,10134048
1759914900,RELIANCE,1279.87,1294.76,1261.87,1280.34,7182945
1760001300,RELIANCE,1275.46,1300.53,1265.42,1289.51,5936755
1760087700,RELIANCE,1292.78,1328.28,1283.64,1307.80,12566254
1760346900,RELIANCE,1309.33,1321.62,1294.93,1318.20,6283606
1760433300,RELIANCE,1315.25,1323.70,1267.69,1288.67,6799194
1760519700,RELIANCE,1295.61,1329.21,1283.90,1312.07,9054950
1760606100,RELIANCE,1314.68,1329.36,1305.50,1310.38,16716622
1760692500,RELIANCE,1308.78,1321.92,1270.57,1275.28,9276408
1760951700,RELIANCE,1272.74,1282.47,1254.18,1263.97,7987779
1761038100,RELIANCE,1275.89,1288.28,1258.86,1265.39,3969505
1761124500,RELIANCE,1264.53,1273.50,1229.88,1240.93,10066504
1761210900,RELIANCE,1244.91,1252.77,1221.06,1243.74,6042459
1761297300,RELIANCE,1243.34,1257.75,1222.75,1252.75,9226412
1761556500,RELIANCE,1254.77,1276.42,1245.15,1261.53,8236053
1761642900,RELIANCE,1258.75,1284.78,1245.40,1274.07,8365814
1761729300,RELIANCE,1264.35,1280.45,1261.63,1266.59,6183457
1761815700,RELIANCE,1275.55,1278.35,1259.30,1267.66,7799495
1761902100,RELIANCE,1274.89,1279.43,1243.94,1253.02,9369652
1762161300,RELIANCE,1251.77,1265.16,1229.03,1248.00,5769920
1762247700,RELIANCE,1242.81,1263.03,1240.10,1245.94,3321156
1762334100,RELIANCE,1241.10,1253.90,1233.32,1248.24,10611387
1762420500,RELIANCE,1248.66,1269.43,1227.00,1266.71,7230946
1762506900,RELIANCE,1263.74,1284.58,1255.53,1267.36,6039613
1762766100,RELIANCE,1267.47,1272.06,1251.83,1257.62,14066899
1762852500,RELIANCE,1259.30,1290.43,1243.61,1269.04,8712617
1762938900,RELIANCE,1268.31,1293.70,1257.43,1287.00,7703490
1763025300,RELIANCE,1287.13,1290.28,1260.72,1264.61,5420425
1763111700,RELIANCE,1264.61,1294.38,1255.95,1271.71,11650540
1763370900,RELIANCE,1266.82,1275.75,1226.37,1254.39,7326046
1763457300,RELIANCE,1262.79,1289.93,1239.01,1258.53,7147348
1763543700,RELIANCE,1253.08,1266.06,1245.70,1260.10,8577492
1763630100,RELIANCE,1253.40,1283.10,1237.41,1270.01,6486867
1763716500,RELIANCE,1270.95,1288.46,1257.97,1271.92,6210969
1763975700,RELIANCE,1267.97,1300.16,1264.13,1290.76,10969264
1764062100,RELIANCE,1291.72,1300.02,1263.32,1290.69,12030767
1764148500,RELIANCE,1288.56,1313.22,1283.80,1294.50,9837379
1764234900,RELIANCE,1298.63,1320.16,1275.37,1283.08,4976204
1764321300,RELIANCE,1284.31,1321.00,1242.49,1257.29,10904958
1764580500,RELIANCE,1255.98,1259.13,1213.54,1219.59,7928634
1764666900,RELIANCE,1218.25,1231.37,1205.04,1208.27,8015440
1764753300,RELIANCE,1217.13,1233.10,1210.17,1229.50,6939973
1764839700,RELIANCE,1228.18,1249.41,1223.16,1233.44,11587986
1764926100,RELIANCE,1233.67,1252.64,1214.58,1249.56,13970149
1765185300,RELIANCE,1246.75,1262.29,1229.12,1258.55,13321040
1765271700,RELIANCE,1244.70,1264.89,1228.91,1257.40,4045092
1765358100,RELIANCE,1255.82,1279.08,1246.74,1263.49,9379093
1765444500,RELIANCE,1256.74,1263.14,1235.16,1245.33,12864754
1765530900,RELIANCE,1246.20,1259.30,1237.79,1250.89,8203961
1765790100,RELIANCE,1249.29,1283.78,1234.38,1275.46,7493413
1765876500,RELIANCE,1271.71,1308.61,1256.52,1300.93,5533355
1765962900,RELIANCE,1297.63,1314.57,1248.19,1264.17,4864670
1766049300,RELIANCE,1263.16,1274.53,1246.36,1264.19,7908400
1766135700,RELIANCE,1267.16,1277.29,1247.32,1258.88,12366389
1766394900,RELIANCE,1258.37,1279.59,1248.69,1274.05,9599084
1766481300,RELIANCE,1274.94,1298.80,1259.24,1282.82,10079622
1759310100,TCS,3920.51,3944.26,3873.43,3889.18,2578290
1759396500,TCS,3859.22,3938.68,3830.90,3909.94,1879213
1759482900,TCS,3924.08,3998.11,3869.13,3941.86,2034820
1759742100,TCS,3932.41,4017.08,3900.32,3984.22,2078872
1759828500,TCS,3970.79,3988.69,3942.23,3952.09,2250977
1759914900,TCS,3947.02,3976.66,3929.80,3960.31,2360632
1760001300,TCS,4001.81,4059.91,3972.30,4025.65,2230198
1760087700,TCS,4049.66,4110.19,3983.38,3993.51,3624538
1760346900,TCS,3995.44,4089.77,3957.71,3979.42,2363418
1760433300,TCS,3982.31,4068.84,3955.43,4042.03,1828735
1760519700,TCS,4028.88,4194.64,3951.14,4162.38,1014698
1760606100,TCS,4156.56,4171.72,4121.62,4139.92,1465635
1760692500,TCS,4160.18,4274.58,4117.02,4233.29,3349967
1760951700,TCS,4230.35,4327.14,4192.37,4300.54,1977051
1761038100,TCS,4334.93,4400.66,4319.77,4362.30,2103934
1761124500,TCS,4359.74,4368.75,4282.72,4320.26,2923260
1761210900,TCS,4299.80,4313.28,4244.25,4291.01,3219343
1761297300,TCS,4283.70,4319.86,4185.58,4294.82,1468500
1761556500,TCS,4298.45,4370.96,4279.22,4331.86,2614680
1761642900,TCS,4316.07,4362.07,4238.79,4272.86,1986889
1761729300,TCS,4261.92,4300.68,4154.92,4232.79,1662110
1761815700,TCS,4215.93,4307.76,4147.11,4238.51,2473131
1761902100,TCS,4214.91,4275.74,4196.50,4250.82,5769490
1762161300,TCS,4218.29,4252.15,4111.00,4165.02,2282665
1762247700,TCS,4159.80,4241.17,4143.38,4156.22,1975462
1762334100,TCS,4133.85,4155.29,4083.92,4104.05,2012526
1762420500,TCS,4094.75,4121.80,4028.27,4051.34,3690889
1762506900,TCS,4056.76,4123.41,4031.46,4056.32,1629361
1762766100,TCS,4058.28,4076.25,3987.27,4024.17,1256361
1762852500,TCS,4007.48,4069.47,3997.93,4032.84,1694249
1762938900,TCS,4020.94,4049.37,3991.56,4013.77,2213083
1763025300,TCS,4016.68,4080.58,3910.95,3988.15,3119648
1763111700,TCS,3964.10,4014.68,3924.36,3954.23,1613515
1763370900,TCS,3943.29,4004.31,3935.36,3947.89,1855323
1763457300,TCS,3911.12,3997.31,3896.33,3987.73,1098711
1763543700,TCS,3986.16,4011.72,3932.34,3970.63,2956855
1763630100,TCS,3977.80,3997.44,3940.22,3957.64,3865904
1763716500,TCS,3960.96,4022.30,3926.69,4012.52,2258916
1763975700,TCS,3997.85,4079.85,3988.66,4022.88,1853307
1764062100,TCS,4016.72,4075.18,3996.84,4050.05,3237771
1764148500,TCS,4063.73,4080.71,4036.53,4053.08,2270494
1764234900,TCS,4033.33,4053.48,4014.00,4042.97,1986514
1764321300,TCS,4014.35,4120.80,3941.88,4034.24,2114592
1764580500,TCS,4063.18,4177.18,4048.35,4153.28,2966832
1764666900,TCS,4159.62,4237.32,4146.08,4193.90,1360605
1764753300,TCS,4189.98,4234.28,4168.94,4188.10,4359703
1764839700,TCS,4179.29,4252.01,4128.18,4242.58,2163700
1764926100,TCS,4211.11,4267.69,4199.58,4222.64,4684905
1765185300,TCS,4222.57,4320.60,4207.69,4269.67,2013249
1765271700,TCS,4262.85,4359.63,4250.49,4313.11,1896243
1765358100,TCS,4369.02,4411.92,4311.45,4340.78,1744310
1765444500,TCS,4345.02,4482.21,4321.15,4396.97,4515040
1765530900,TCS,4405.78,4469.51,4344.39,4439.02,2859042
1765790100,TCS,4432.93,4522.50,4324.49,4385.91,1964731
1765876500,TCS,4387.47,4489.37,4367.29,4415.22,1982912
1765962900,TCS,4420.65,4532.81,4379.74,4466.08,2757376
1766049300,TCS,4476.34,4588.19,4445.94,4563.86,2783737
1766135700,TCS,4525.22,4562.83,4492.92,4532.37,2089268
1766394900,TCS,4528.81,4591.61,4500.80,4580.22,3780629
1766481300,TCS,4572.18,4595.23,4470.61,4524.27,2548243
1759310100,INFY,1678.77,1698.10,1659.32,1676.21,7761586
1759396500,INFY,1673.32,1719.54,1652.14,1702.89,11912782
1759482900,INFY,1697.72,1712.97,1656.52,1673.75,5914672
1759742100,INFY,1677.73,1697.78,1642.32,1653.34,6995251
1759828500,INFY,1655.44,1722.10,1645.71,1710.61,5936761
1759914900,INFY,1707.58,1714.00,1698.32,1709.92,8250940
1760001300,INFY,1705.98,1721.75,1673.45,1677.89,3765599
1760087700,INFY,1677.83,1681.63,1635.66,1649.29,5926972
1760346900,INFY,1650.81,1675.61,1631.16,1656.66,12636288
1760433300,INFY,1664.14,1674.36,1650.63,1657.14,5432609
1760519700,INFY,1661.15,1672.76,1647.63,1667.42,8214875
1760606100,INFY,1667.80,1690.05,1619.96,1636.49,7458437
1760692500,INFY,1623.33,1632.60,1569.16,1601.15,6895616
1760951700,INFY,1606.44,1624.99,1540.58,1552.82,3179494
1761038100,INFY,1559.67,1575.01,1552.50,1564.93,4628045
1761124500,INFY,1563.04,1586.22,1527.53,1553.20,7687828
1761210900,INFY,1559.15,1563.31,1531.35,1548.78,5681118
1761297300,INFY,1547.28,1559.40,1543.59,1556.16,9416094
1761556500,INFY,1545.75,1593.34,1528.86,1575.55,10452447
1761642900,INFY,1574.63,1579.25,1531.86,1535.99,7020588
1761729300,INFY,1527.22,1543.88,1488.66,1491.66,6420243
1761815700,INFY,1489.01,1544.79,1477.01,1539.33,2998257
1761902100,INFY,1549.19,1575.73,1517.75,1569.06,3808320
1762161300,INFY,1576.66,1595.15,1545.40,1569.99,6939769
1762247700,INFY,1572.75,1584.09,1554.89,1564.17,15201227
1762334100,INFY,1564.65,1585.57,1539.75,1559.22,7809169
1762420500,INFY,1560.25,1571.14,1536.75,1564.25,4606708
1762506900,INFY,1566.74,1573.10,1512.61,1529.00,3806865
1762766100,INFY,1521.88,1555.73,1503.16,1547.98,5352671
1762852500,INFY,1554.21,1558.33,1483.75,1508.69,9237192
1762938900,INFY,1506.44,1521.26,1499.84,1505.33,5336841
1763025300,INFY,1498.42,1502.66,1467.40,1482.57,4165290
1763111700,INFY,1481.57,1496.76,1473.81,1483.00,7877183
1763370900,INFY,1496.45,1525.52,1481.59,1518.00,5028051
1763457300,INFY,1517.23,1559.20,1494.38,1552.60,6006985
1763543700,INFY,1548.62,1559.20,1516.46,1535.21,7683196
1763630100,INFY,1527.80,1566.55,1517.98,1540.96,10979629
1763716500,INFY,1539.10,1543.60,1517.54,1540.37,6210105
1763975700,INFY,1544.16,1569.02,1536.18,1540.62,7253886
1764062100,INFY,1544.78,1575.82,1534.47,1564.50,6417266
1764148500,INFY,1557.07,1578.86,1521.55,1533.12,12280067
1764234900,INFY,1532.01,1563.93,1511.77,1556.52,4909934
1764321300,INFY,1564.60,1572.32,1554.80,1558.45,6333835
1764580500,INFY,1551.23,1564.63,1541.97,1545.53,9231778
1764666900,INFY,1542.88,1565.40,1528.66,1532.01,9099985
1764753300,INFY,1535.60,1542.77,1513.13,1526.44,7555079
1764839700,INFY,1530.29,1535.06,1510.13,1519.17,9065265
1764926100,INFY,1523.28,1541.67,1511.84,1527.48,5485918
1765185300,INFY,1527.88,1616.29,1523.63,1602.31,4085363
1765271700,INFY,1604.03,1655.79,1578.87,1645.96,6745944
1765358100,INFY,1654.80,1666.81,1623.38,1633.27,5989839
1765444500,INFY,1625.05,1654.13,1599.53,1612.49,9342812
1765530900,INFY,1598.69,1602.04,1534.77,1542.42,4077531
1765790100,INFY,1549.12,1555.42,1529.85,1550.12,5097587
1765876500,INFY,1537.30,1544.23,1523.59,1535.07,5455617
1765962900,INFY,1532.41,1548.26,1496.14,1521.35,6762045
1766049300,INFY,1510.23,1550.56,1497.43,1530.27,8793360
1766135700,INFY,1537.52,1555.42,1531.81,1546.64,9634894
1766394900,INFY,1540.28,1550.61,1516.76,1528.62,8521331
1766481300,INFY,1517.72,1525.65,1486.92,1494.75,3209681
