SYMBOL,SERIES,OPEN,HIGH,LOW,CLOSE,LAST,PREVCLOSE,TOTTRDQTY,TOTTRDVAL,TIMESTAMP,TOTALTRADES,ISIN
RELIANCE,EQ,1268.49,1281.94,1265.94,1275.58,1275.58,1268.18,9745403,12431041158.74,06-OCT-2026,94022,INE002A01018
TCS,EQ,4119.77,4185.93,4062.17,4137.13,4137.13,4127.25,2349593,9720571688.09,06-OCT-2026,111018,INE467B01029
INFY,EQ,2657.42,2684.19,2627.65,2658.99,2658.99,2648.61,4489604,11937812139.96,06-OCT-2026,198730,INE009A01021
HDFCBANK,EQ,1657.72,1670.31,1611.21,1622.94,1622.94,1656.81,20463745,33211430310.3,06-OCT-2026,131707,INE040A01034
ICICIBANK,EQ,1025.09,1039.56,1019.71,1026.00,1026.00,1017.64,12583622,12910796172.0,06-OCT-2026,194354,INE090A01021
TATAMOTORS,EQ,1162.08,1174.51,1132.70,1137.71,1137.71,1174.14,11263246,12814307606.66,06-OCT-2026,102635,INE155A01022
SBIN,EQ,798.35,812.07,790.90,801.53,801.53,797.86,15601836,12505339609.08,06-OCT-2026,157453,INE062A01020
BHARTIARTL,EQ,1565.59,1613.85,1544.51,1597.75,1597.75,1568.77,4183548,6684263817.0,06-OCT-2026,219346,INE397D01024
ITC,EQ,487.61,496.43,480.65,490.25,490.25,488.85,14057029,6891458467.25,06-OCT-2026,114633,INE154A01025
LT,EQ,2833.12,2845.56,2730.90,2781.40,2781.40,2815.93,2668871,7423197799.4,06-OCT-2026,167077,INE018A01030
BAJFINANCE,EQ,7641.75,7730.31,7409.10,7440.98,7440.98,7649.81,1722620,12817980967.6,06-OCT-2026,120416,INE296A01024
SUNPHARMA,EQ,1868.22,1896.97,1859.52,1890.74,1890.74,1861.88,3497204,6612303490.96,06-OCT-2026,116570,INE044A01036
MARUTI,EQ,11572.87,11609.72,11488.93,11548.68,11548.68,11592.71,820128,9471395831.04,06-OCT-2026,150383,INE585B01010
WIPRO,EQ,658.55,660.31,636.26,645.46,645.46,655.77,5075803,3276227804.38,06-OCT-2026,221114,INE075A01022
