Date,Symbol,Series,Prev Close,Open,High,Low,Last,Close,VWAP,Volume,Turnover,Trades,Deliverable Volume,%Deliverble
2025-10-01,TCS,EQ,3944.79,3944.79,3996.59,3867.35,3901.42,3901.42,3921.79,2781352,10907878460.08,107964,1406252,0.5056
2025-10-02,TCS,EQ,3901.42,3898.25,3910.70,3864.91,3888.97,3888.97,3888.19,2322113,9028816545.47,108672,1140622,0.4912
2025-10-03,TCS,EQ,3888.97,3878.99,3950.23,3861.66,3935.28,3935.28,3915.72,3138357,12288927272.04,172213,1491347,0.4752
2025-10-06,TCS,EQ,3935.28,3914.81,3941.46,3802.01,3871.54,3871.54,3871.67,1894699,7335649277.33,52421,1083957,0.5721
2025-10-07,TCS,EQ,3871.54,3891.34,3956.66,3865.39,3946.04,3946.04,3922.70,2861378,11224327480.6,128634,1515386,0.5296
2025-10-08,TCS,EQ,3946.04,3945.15,3990.51,3889.65,3946.08,3946.08,3942.08,2028126,7995034942.08,198713,932938,0.46
2025-10-09,TCS,EQ,3946.08,3931.03,4001.41,3900.08,3967.51,3967.51,3956.33,1676260,6631837725.8,124036,766554,0.4573
2025-10-10,TCS,EQ,3967.51,3977.57,4079.42,3949.45,4016.52,4016.52,4015.13,3548119,14246159040.47,85377,1900727,0.5357
2025-10-13,TCS,EQ,4016.52,4021.22,4054.55,3977.01,4044.06,4044.06,4025.21,1774195,7141507455.95,84993,971904,0.5478
2025-10-14,TCS,EQ,4044.06,4035.02,4060.93,3900.73,3965.30,3965.30,3975.65,1919772,7632341551.8,70663,930897,0.4849
2025-10-15,TCS,EQ,3965.30,3986.66,4082.01,3950.62,4029.37,4029.37,4020.67,2556692,10279614823.64,77370,1567508,0.6131
2025-10-16,TCS,EQ,4029.37,4037.37,4082.44,4010.85,4025.83,4025.83,4039.71,4719987,19067378683.77,72676,2705025,0.5731
2025-10-17,TCS,EQ,4025.83,4020.93,4061.29,3918.46,3932.99,3932.99,3970.91,2619221,10400690861.11,168472,1083834,0.4138
2025-10-20,TCS,EQ,3932.99,3925.16,3955.18,3871.63,3901.86,3901.86,3909.56,2255373,8817516065.88,96576,1097465,0.4866
2025-10-21,TCS,EQ,3901.86,3938.66,3976.90,3890.60,3910.79,3910.79,3926.10,1120801,4400376806.1,56367,509292,0.4544
2025-10-22,TCS,EQ,3910.79,3908.15,3935.88,3811.52,3845.77,3845.77,3864.39,2842307,10983782747.73,118791,1255163,0.4416
2025-10-23,TCS,EQ,3845.77,3858.11,3882.48,3784.44,3854.72,3854.72,3840.55,1706106,6552385398.3,58805,901848,0.5286
2025-10-24,TCS,EQ,3854.72,3853.49,3893.45,3789.68,3877.96,3877.96,3853.70,2605105,10039293138.5,123149,1510961,0.58
2025-10-27,TCS,EQ,3877.96,3884.22,3947.74,3854.44,3901.69,3901.69,3901.29,2325474,9072348461.46,191336,983676,0.423
2025-10-28,TCS,EQ,3901.69,3893.10,3966.08,3851.82,3933.03,3933.03,3916.98,2362112,9252345461.76,98006,1286406,0.5446
2025-10-29,TCS,EQ,3933.03,3903.03,3951.39,3894.64,3908.61,3908.61,3918.21,1745917,6840869448.57,86211,897052,0.5138
2025-10-30,TCS,EQ,3908.61,3936.26,3944.92,3889.41,3915.24,3915.24,3916.52,2202210,8624999509.2,85258,1069173,0.4855
2025-10-31,TCS,EQ,3915.24,3937.57,3951.59,3851.69,3879.79,3879.79,3894.36,2645549,10302720203.64,186940,1374363,0.5195
2025-11-03,TCS,EQ,3879.79,3875.92,3917.38,3806.93,3865.69,3865.69,3863.33,1629154,6293959522.82,191374,948331,0.5821
2025-11-04,TCS,EQ,3865.69,3849.62,3910.49,3841.22,3857.57,3857.57,3869.76,937738,3628821002.88,133517,439612,0.4688
2025-11-05,TCS,EQ,3857.57,3842.57,3878.57,3818.47,3861.06,3861.06,3852.70,2996156,11543290221.2,75067,1429766,0.4772
2025-11-06,TCS,EQ,3861.06,3862.35,3917.85,3795.36,3909.45,3909.45,3874.22,2041679,7909913615.38,75613,1088827,0.5333
2025-11-07,TCS,EQ,3909.45,3900.27,3962.57,3874.94,3909.46,3909.46,3915.66,1705303,6677386744.98,175113,866123,0.5079
2025-11-10,TCS,EQ,3909.46,3909.81,3923.98,3865.79,3883.66,3883.66,3891.14,3971830,15454946586.2,99266,2364828,0.5954
2025-11-11,TCS,EQ,3883.66,3888.85,3980.08,3840.39,3914.10,3914.10,3911.52,2460033,9622468280.16,138980,1307754,0.5316
2025-11-12,TCS,EQ,3914.10,3911.84,3981.10,3878.27,3960.48,3960.48,3939.95,2175103,8569797064.85,162755,911151,0.4189
2025-11-13,TCS,EQ,3960.48,3960.87,3970.58,3889.59,3901.58,3901.58,3920.58,1530473,6000341834.34,86313,739984,0.4835
2025-11-14,TCS,EQ,3901.58,3901.59,3989.77,3874.87,3919.90,3919.90,3928.18,3289564,12921999513.52,167002,1735574,0.5276
2025-11-17,TCS,EQ,3919.90,3904.84,3932.38,3785.45,3871.94,3871.94,3863.26,2068531,7991273071.06,94169,1167686,0.5645
2025-11-18,TCS,EQ,3871.94,3897.88,3981.65,3826.11,3886.39,3886.39,3898.05,2018075,7866557253.75,136719,975134,0.4832
2025-11-19,TCS,EQ,3886.39,3869.58,3906.09,3846.79,3887.70,3887.70,3880.19,2421880,9397354557.2,99602,1153299,0.4762
2025-11-20,TCS,EQ,3887.70,3867.03,3950.54,3817.71,3910.23,3910.23,3892.83,1831586,7130052928.38,128667,793809,0.4334
2025-11-21,TCS,EQ,3910.23,3913.12,3966.28,3873.15,3915.36,3915.36,3918.26,1753685,6871393788.1,175835,1055543,0.6019
2025-11-24,TCS,EQ,3915.36,3903.19,3991.27,3891.38,3962.42,3962.42,3948.36,3097204,12228876385.44,110298,1342948,0.4336
2025-11-25,TCS,EQ,3962.42,3965.36,3990.83,3878.32,3962.36,3962.36,3943.84,3396922,13396916860.48,149049,1957306,0.5762
2025-11-26,TCS,EQ,3962.36,3955.83,4028.44,3941.21,3971.02,3971.02,3980.22,2777613,11055510814.86,56563,1447970,0.5213
2025-11-27,TCS,EQ,3971.02,3983.70,4049.75,3919.11,3942.81,3942.81,3970.56,1405046,5578819445.76,145824,726971,0.5174
2025-11-28,TCS,EQ,3942.81,3946.58,4059.33,3829.97,3875.59,3875.59,3921.63,3079047,12074883086.61,58421,1420056,0.4612
2025-12-01,TCS,EQ,3875.59,3871.57,3881.28,3757.01,3775.73,3775.73,3804.67,2238673,8517412002.91,152041,1353726,0.6047
2025-12-02,TCS,EQ,3775.73,3771.59,3812.19,3735.01,3745.03,3745.03,3764.08,2263183,8518801866.64,113474,1336410,0.5905
2025-12-03,TCS,EQ,3745.03,3772.50,3815.92,3750.92,3804.78,3804.78,3790.54,1959522,7427646521.88,99982,1153179,0.5885
2025-12-04,TCS,EQ,3804.78,3800.68,3863.59,3785.15,3814.21,3814.21,3820.98,3271902,12501872103.96,194006,1987026,0.6073
2025-12-05,TCS,EQ,3814.21,3814.92,3865.85,3755.89,3856.35,3856.35,3826.03,3944513,15091825073.39,150496,1860232,0.4716
2025-12-08,TCS,EQ,3856.35,3847.69,3889.85,3793.29,3878.33,3878.33,3853.82,3761235,14495122667.7,77950,2169856,0.5769
2025-12-09,TCS,EQ,3878.33,3835.64,3891.62,3786.98,3868.57,3868.57,3849.06,1142144,4396180784.64,94416,529612,0.4637
2025-12-10,TCS,EQ,3868.57,3863.69,3931.37,3835.75,3883.44,3883.44,3883.52,2648214,10284392033.28,134746,1085238,0.4098
2025-12-11,TCS,EQ,3883.44,3862.71,3882.38,3801.26,3832.57,3832.57,3838.74,3632401,13943843014.74,112629,1639303,0.4513
2025-12-12,TCS,EQ,3832.57,3835.26,3873.07,3809.38,3847.22,3847.22,3843.22,2316413,8902484769.86,194957,1071109,0.4624
2025-12-15,TCS,EQ,3847.22,3842.29,3935.80,3796.44,3910.28,3910.28,3880.84,2115787,8211030821.08,154163,1212558,0.5731
2025-12-16,TCS,EQ,3910.28,3898.80,3997.98,3852.23,3974.51,3974.51,3941.57,1562359,6158147363.63,107140,918198,0.5877
2025-12-17,TCS,EQ,3974.51,3964.43,4016.19,3828.05,3877.06,3877.06,3907.10,1373554,5366612833.4,194611,725237,0.528
2025-12-18,TCS,EQ,3877.06,3873.95,3908.02,3822.44,3876.33,3876.33,3868.93,2232960,8639165932.8,196462,997910,0.4469
2025-12-19,TCS,EQ,3876.33,3885.44,3916.49,3828.05,3863.54,3863.54,3869.36,3491686,13510590140.96,104067,1940679,0.5558
2025-12-22,TCS,EQ,3863.54,3861.99,3919.53,3832.29,3902.56,3902.56,3884.79,2710329,10529058995.91,142020,1277649,0.4714
2025-12-23,TCS,EQ,3902.56,3905.29,3974.41,3857.20,3925.50,3925.50,3919.04,2846011,11153630949.44,138558,1557622,0.5473
2025-12-24,TCS,EQ,3925.50,3947.40,4007.61,3931.76,3964.81,3964.81,3968.06,3259891,12935443081.46,55053,1560510,0.4787
2025-12-25,TCS,EQ,3964.81,3956.94,3989.93,3906.41,3915.94,3915.94,3937.43,2679090,10548729338.7,100358,1193267,0.4454
2025-12-26,TCS,EQ,3915.94,3929.47,3976.25,3815.70,3866.10,3866.10,3886.02,3368446,13089848524.92,88799,1491211,0.4427
2025-12-29,TCS,EQ,3866.10,3881.46,3950.08,3856.81,3868.13,3868.13,3891.67,3037624,11821430192.08,177219,1736002,0.5715
2025-12-30,TCS,EQ,3868.13,3875.28,3932.41,3838.46,3867.67,3867.67,3879.51,2714784,10532031675.84,118946,1216766,0.4482
2025-12-31,TCS,EQ,3867.67,3864.36,3897.04,3840.95,3862.25,3862.25,3866.75,2370459,9165972338.25,192697,1255869,0.5298
2026-01-01,TCS,EQ,3862.25,3869.95,3899.94,3813.83,3845.13,3845.13,3852.97,2772292,10681557907.24,166645,1320720,0.4764
2026-01-02,TCS,EQ,3845.13,3859.54,3931.02,3848.23,3873.56,3873.56,3884.27,3084653,11981625108.31,153501,1284450,0.4164
2026-01-05,TCS,EQ,3873.56,3861.62,3991.25,3814.45,3946.51,3946.51,3917.40,1941610,7606063014.0,107831,1095456,0.5642
2026-01-06,TCS,EQ,3946.51,3970.19,4016.20,3896.98,3959.12,3959.12,3957.43,2544095,10068077875.85,80784,1041298,0.4093
2026-01-07,TCS,EQ,3959.12,3952.64,3977.28,3865.85,3896.28,3896.28,3913.14,2192214,8578440291.96,147397,1214487,0.554
2026-01-08,TCS,EQ,3896.28,3911.98,3992.00,3878.04,3936.66,3936.66,3935.57,1806026,7107741744.82,107466,733066,0.4059
2026-01-09,TCS,EQ,3936.66,3911.09,3970.84,3884.31,3928.79,3928.79,3927.98,2078548,8164494973.04,78278,954677,0.4593
2026-01-12,TCS,EQ,3928.79,3917.44,4051.79,3890.54,3969.56,3969.56,3970.63,2088936,8294391949.68,143940,977204,0.4678
2026-01-13,TCS,EQ,3969.56,3967.27,3989.29,3942.30,3976.35,3976.35,3969.31,2098286,8328747602.66,145673,1038652,0.495
2026-01-14,TCS,EQ,3976.35,3969.15,4009.95,3939.83,3970.00,3970.00,3973.26,2750629,10928964180.54,183376,1467461,0.5335
2026-01-15,TCS,EQ,3970.00,3972.19,3998.21,3943.36,3983.59,3983.59,3975.05,2780575,11052924653.75,118014,1416147,0.5093
2026-01-16,TCS,EQ,3983.59,4007.68,4017.39,3970.76,4004.00,4004.00,3997.38,3718624,14864753205.12,161293,1745894,0.4695
2026-01-19,TCS,EQ,4004.00,4003.16,4031.06,3965.39,4019.85,4019.85,4005.43,3197890,12808924542.7,77847,1379250,0.4313
2026-01-20,TCS,EQ,4019.85,4035.53,4147.93,4014.05,4113.64,4113.64,4091.87,4016720,16435896066.4,102680,1643240,0.4091
2026-01-21,TCS,EQ,4113.64,4123.71,4146.05,4052.88,4071.60,4071.60,4090.18,1875403,7670735842.54,72207,787107,0.4197
2026-01-22,TCS,EQ,4071.60,4078.53,4133.43,4064.78,4121.46,4121.46,4106.56,2487031,10213142023.36,146801,1146273,0.4609
2026-01-23,TCS,EQ,4121.46,4094.12,4108.77,4026.79,4060.91,4060.91,4065.49,3915808,15919678265.92,174992,1824767,0.466
2026-01-26,TCS,EQ,4060.91,4073.12,4081.50,4015.53,4039.05,4039.05,4045.36,1416734,5731199054.24,89130,702133,0.4956
2026-01-27,TCS,EQ,4039.05,4047.33,4062.49,4015.03,4040.34,4040.34,4039.29,2846282,11496958419.78,120553,1387278,0.4874
2026-01-28,TCS,EQ,4040.34,4059.59,4101.65,4045.55,4084.19,4084.19,4077.13,2901340,11829140354.2,170452,1564112,0.5391
2026-01-29,TCS,EQ,4084.19,4073.33,4110.87,4011.09,4019.73,4019.73,4047.23,3486791,14111845138.93,163024,2027220,0.5814
2026-01-30,TCS,EQ,4019.73,4018.86,4091.87,3968.07,4059.50,4059.50,4039.81,3064442,12379763436.02,165178,1766344,0.5764
2026-02-02,TCS,EQ,4059.50,4050.04,4061.82,3986.85,4015.83,4015.83,4021.50,2840578,11423384427.0,166094,1624243,0.5718
2026-02-03,TCS,EQ,4015.83,4025.47,4124.20,3965.34,4097.70,4097.70,4062.41,2003375,8138530633.75,149937,1161356,0.5797
2026-02-04,TCS,EQ,4097.70,4122.52,4151.60,4060.72,4137.35,4137.35,4116.56,2597208,10691562564.48,157374,1320940,0.5086
2026-02-05,TCS,EQ,4137.35,4146.14,4175.89,4036.75,4051.17,4051.17,4087.94,2364105,9664319393.7,163433,1254158,0.5305
2026-02-06,TCS,EQ,4051.17,4067.42,4173.07,4055.72,4148.15,4148.15,4125.65,2495769,10296669374.85,61676,1294805,0.5188
2026-02-09,TCS,EQ,4148.15,4172.78,4246.17,4140.93,4193.31,4193.31,4193.47,3248854,13623971783.38,120002,1342751,0.4133
2026-02-10,TCS,EQ,4193.31,4168.21,4203.76,4146.04,4167.60,4167.60,4172.47,2869859,11974400581.73,176981,1279957,0.446
2026-02-11,TCS,EQ,4167.60,4180.84,4236.00,4162.82,4190.25,4190.25,4196.36,1498746,6289277764.56,115589,906142,0.6046
2026-02-12,TCS,EQ,4190.25,4213.86,4249.59,4195.02,4235.76,4235.76,4226.79,3753530,15865383068.7,167761,2290029,0.6101
2026-02-13,TCS,EQ,4235.76,4224.86,4255.10,4165.36,4209.42,4209.42,4209.96,2034833,8566565536.68,195168,905094,0.4448
2026-02-16,TCS,EQ,4209.42,4203.56,4243.72,4123.20,4153.54,4153.54,4173.49,1977602,8253502170.98,65071,834153,0.4218
2026-02-17,TCS,EQ,4153.54,4155.99,4200.01,4132.00,4180.21,4180.21,4170.74,2457941,10251432846.34,197429,1090588,0.4437
2026-02-18,TCS,EQ,4180.21,4184.12,4196.73,4115.88,4137.23,4137.23,4149.95,3160608,13116365169.6,101745,1728537,0.5469
2026-02-19,TCS,EQ,4137.23,4152.65,4221.36,4079.92,4123.85,4123.85,4141.71,1306656,5411790221.76,199203,542654,0.4153
2026-02-20,TCS,EQ,4123.85,4118.42,4169.61,4066.00,4133.26,4133.26,4122.96,1341401,5530542666.96,177516,722613,0.5387
2026-02-23,TCS,EQ,4133.26,4120.27,4148.83,4079.24,4091.71,4091.71,4106.59,3072086,12615797646.74,116471,1539730,0.5012
2026-02-24,TCS,EQ,4091.71,4090.56,4140.48,4055.33,4076.84,4076.84,4090.88,2994390,12249690163.2,162114,1385205,0.4626
2026-02-25,TCS,EQ,4076.84,4083.03,4099.21,4042.24,4071.10,4071.10,4070.85,3638234,14810704878.9,154586,1656124,0.4552
2026-02-26,TCS,EQ,4071.10,4062.87,4099.59,3961.54,4034.24,4034.24,4031.79,3495348,14092509112.92,70779,2070644,0.5924
2026-02-27,TCS,EQ,4034.24,4037.37,4051.23,3974.60,3986.65,3986.65,4004.16,1400017,5605892070.72,88263,629588,0.4497
2026-03-02,TCS,EQ,3986.65,3998.57,4012.19,3950.88,3962.25,3962.25,3975.11,2635718,10477268978.98,153453,1344216,0.51
2026-03-03,TCS,EQ,3962.25,3975.60,3990.88,3934.16,3959.17,3959.17,3961.40,3128830,12394547162.0,161931,1461164,0.467
2026-03-04,TCS,EQ,3959.17,3963.77,3993.37,3942.90,3954.42,3954.42,3963.56,2167073,8589323859.88,125355,1327332,0.6125
2026-03-05,TCS,EQ,3954.42,3948.48,3990.92,3865.04,3897.20,3897.20,3917.72,2774263,10868785640.36,60527,1695907,0.6113
2026-03-06,TCS,EQ,3897.20,3911.36,3971.06,3869.03,3885.41,3885.41,3908.50,2763070,10799459095.0,154004,1272946,0.4607
2026-03-09,TCS,EQ,3885.41,3885.32,3894.19,3837.78,3877.36,3877.36,3869.78,3975379,15383842146.62,52763,2147897,0.5403
2026-03-10,TCS,EQ,3877.36,3885.32,3904.36,3844.11,3856.67,3856.67,3868.38,3185959,12324500076.42,124270,1886725,0.5922
2026-03-11,TCS,EQ,3856.67,3877.13,3918.58,3829.44,3874.62,3874.62,3874.21,2840821,11005937126.41,79025,1348538,0.4747
2026-03-12,TCS,EQ,3874.62,3882.66,3912.72,3850.04,3862.85,3862.85,3875.20,2338721,9063011619.2,182558,1071134,0.458
2026-03-13,TCS,EQ,3862.85,3851.05,3920.51,3805.75,3887.01,3887.01,3871.09,1303062,5044270277.58,145545,555104,0.426
2026-03-16,TCS,EQ,3887.01,3874.55,3929.32,3797.87,3894.96,3894.96,3874.05,2002120,7756312986.0,163986,926581,0.4628
2026-03-17,TCS,EQ,3894.96,3878.27,3908.56,3818.57,3891.93,3891.93,3873.02,1685693,6528722702.86,106741,718779,0.4264
2026-03-18,TCS,EQ,3891.93,3906.47,3961.86,3897.75,3924.11,3924.11,3927.91,3559002,13979439545.82,156879,2001227,0.5623
2026-03-19,TCS,EQ,3924.11,3933.82,3974.71,3842.23,3872.14,3872.14,3896.36,2301978,8969335000.08,165021,1381187,0.6
2026-03-20,TCS,EQ,3872.14,3892.31,3907.17,3869.15,3882.77,3882.77,3886.36,2815633,10942563465.88,153530,1418234,0.5037
2026-03-23,TCS,EQ,3882.77,3901.77,3951.65,3837.16,3909.63,3909.63,3899.48,3542317,13813194295.16,153295,1853694,0.5233
2026-03-24,TCS,EQ,3909.63,3892.11,3953.31,3874.18,3912.92,3912.92,3913.47,2429240,9506757862.8,142496,1494468,0.6152
2026-03-25,TCS,EQ,3912.92,3926.50,3973.06,3853.31,3945.83,3945.83,3924.07,1922310,7543279001.7,140230,1043814,0.543
2026-03-26,TCS,EQ,3945.83,3948.15,3983.75,3847.42,3896.49,3896.49,3909.22,1874955,7329611585.1,95166,1118786,0.5967
2026-03-27,TCS,EQ,3896.49,3897.06,3969.09,3862.09,3884.98,3884.98,3905.39,3816931,14906604158.09,90327,2187101,0.573
2026-03-30,TCS,EQ,3884.98,3874.47,3919.26,3790.26,3845.51,3845.51,3851.68,1914887,7375531960.16,71379,988273,0.5161
2026-03-31,TCS,EQ,3845.51,3848.22,3891.06,3799.46,3880.57,3880.57,3857.03,1677602,6470561242.06,67218,756934,0.4512
2026-04-01,TCS,EQ,3880.57,3912.32,3923.63,3844.99,3872.12,3872.12,3880.25,1551394,6019796568.5,128525,702937,0.4531
2026-04-02,TCS,EQ,3872.12,3857.68,3887.26,3832.46,3873.13,3873.13,3864.28,2699834,10432914529.52,159236,1224915,0.4537
2026-04-03,TCS,EQ,3873.13,3878.92,3931.16,3813.30,3831.05,3831.05,3858.50,1956770,7550197045.0,188185,868023,0.4436
2026-04-06,TCS,EQ,3831.05,3813.67,3827.08,3715.41,3751.12,3751.12,3764.54,1507143,5673700109.22,152496,717551,0.4761
2026-04-07,TCS,EQ,3751.12,3740.56,3750.39,3676.55,3687.20,3687.20,3704.71,3056696,11324172238.16,100473,1402412,0.4588
2026-04-08,TCS,EQ,3687.20,3684.04,3705.82,3643.75,3665.46,3665.46,3671.68,2904597,10664750712.96,75027,1768900,0.609
2026-04-09,TCS,EQ,3665.46,3670.62,3690.75,3594.34,3667.94,3667.94,3651.01,3580471,13072335425.71,103744,1734380,0.4844
2026-04-10,TCS,EQ,3667.94,3655.30,3728.24,3646.54,3689.85,3689.85,3688.21,2032628,7496758915.88,179892,1205145,0.5929
2026-04-13,TCS,EQ,3689.85,3693.39,3737.28,3638.95,3686.42,3686.42,3687.55,2882970,10631096023.5,176252,1180000,0.4093
2026-04-14,TCS,EQ,3686.42,3679.13,3702.59,3594.16,3606.42,3606.42,3634.39,2381067,8653726094.13,130790,1345065,0.5649
2026-04-15,TCS,EQ,3606.42,3595.44,3648.77,3503.98,3530.06,3530.06,3560.94,2173566,7739938112.04,190868,1156772,0.5322
2026-04-16,TCS,EQ,3530.06,3513.40,3627.74,3490.98,3608.10,3608.10,3575.61,2358194,8431982048.34,138899,1430480,0.6066
2026-04-17,TCS,EQ,3608.10,3615.43,3636.31,3562.04,3592.78,3592.78,3597.04,2058241,7403575206.64,73939,1115155,0.5418
2026-04-20,TCS,EQ,3592.78,3606.76,3642.94,3526.17,3561.93,3561.93,3577.01,1467905,5250710864.05,141411,619749,0.4222
2026-04-21,TCS,EQ,3561.93,3571.63,3586.04,3550.90,3561.45,3561.45,3566.13,1577860,5626853881.8,58791,692996,0.4392
2026-04-22,TCS,EQ,3561.45,3574.75,3670.46,3530.08,3598.64,3598.64,3599.73,1077760,3879645004.8,199117,532845,0.4944
2026-04-23,TCS,EQ,3598.64,3596.85,3702.04,3574.21,3667.36,3667.36,3647.87,2245899,8192747585.13,73313,1301274,0.5794
2026-04-24,TCS,EQ,3667.36,3636.49,3674.37,3621.09,3640.59,3640.59,3645.35,2629667,9586056598.45,178565,1500488,0.5706
2026-04-27,TCS,EQ,3640.59,3639.38,3677.50,3578.51,3623.14,3623.14,3626.38,2983242,10818369123.96,161554,1465965,0.4914
2026-04-28,TCS,EQ,3623.14,3615.17,3716.02,3580.26,3646.34,3646.34,3647.54,1879989,6857335077.06,122087,883783,0.4701
2026-04-29,TCS,EQ,3646.34,3616.34,3637.77,3536.44,3555.57,3555.57,3576.59,1825041,6527423390.19,57195,1043741,0.5719
2026-04-30,TCS,EQ,3555.57,3520.57,3563.82,3511.96,3542.43,3542.43,3539.40,2204655,7803155907.0,87257,1035967,0.4699
2026-05-01,TCS,EQ,3542.43,3562.80,3579.22,3543.40,3568.82,3568.82,3563.81,2040680,7272595790.8,182288,1065235,0.522
2026-05-04,TCS,EQ,3568.82,3560.16,3658.25,3525.01,3640.75,3640.75,3608.00,1621745,5851255960.0,142330,880770,0.5431
2026-05-05,TCS,EQ,3640.75,3655.53,3682.67,3596.72,3622.54,3622.54,3633.98,1882579,6841254434.42,123238,934512,0.4964
2026-05-06,TCS,EQ,3622.54,3603.32,3622.14,3561.13,3582.05,3582.05,3588.44,2389493,8574552260.92,68473,1100123,0.4604
2026-05-07,TCS,EQ,3582.05,3576.35,3621.21,3558.99,3593.51,3593.51,3591.24,2802644,10064967238.56,188389,1680185,0.5995
2026-05-08,TCS,EQ,3593.51,3597.37,3668.07,3578.27,3650.24,3650.24,3632.19,5155188,18724622301.72,65997,2115174,0.4103
2026-05-11,TCS,EQ,3650.24,3670.34,3697.50,3621.59,3633.00,3633.00,3650.70,1766450,6448779015.0,107513,835354,0.4729
2026-05-12,TCS,EQ,3633.00,3618.64,3687.02,3602.79,3613.84,3613.84,3634.55,4563385,16585850951.75,187137,2134295,0.4677
2026-05-13,TCS,EQ,3613.84,3638.29,3735.03,3597.01,3714.94,3714.94,3682.33,2322200,8551106726.0,107325,1312507,0.5652
2026-05-14,TCS,EQ,3714.94,3743.96,3790.52,3735.11,3775.61,3775.61,3767.08,2704838,10189341133.04,86801,1397860,0.5168
2026-05-15,TCS,EQ,3775.61,3770.47,3835.36,3665.23,3716.62,3716.62,3739.07,3000649,11219636656.43,117014,1652157,0.5506
2026-05-18,TCS,EQ,3716.62,3719.57,3734.22,3697.74,3706.16,3706.16,3712.71,2182182,8101808933.22,173723,1345533,0.6166
2026-05-19,TCS,EQ,3706.16,3690.38,3825.48,3681.59,3771.18,3771.18,3759.42,1886279,7091314998.18,128828,1108000,0.5874
2026-05-20,TCS,EQ,3771.18,3766.65,3879.06,3747.55,3828.76,3828.76,3818.46,4939780,18862352338.8,166504,2138925,0.433
2026-05-21,TCS,EQ,3828.76,3817.47,3829.21,3795.25,3816.15,3816.15,3813.54,2266031,8641599859.74,72507,913890,0.4033
2026-05-22,TCS,EQ,3816.15,3818.29,3843.74,3753.99,3819.42,3819.42,3805.72,2044420,7780490082.4,71167,850070,0.4158
2026-05-25,TCS,EQ,3819.42,3820.77,3900.61,3776.89,3865.76,3865.76,3847.75,2681181,10316514192.75,123530,1194198,0.4454
2026-05-26,TCS,EQ,3865.76,3884.12,3939.66,3851.23,3881.84,3881.84,3890.91,1590855,6189873628.05,159287,825972,0.5192
2026-05-27,TCS,EQ,3881.84,3867.54,3894.88,3845.43,3884.94,3884.94,3875.08,3095686,11996030904.88,182855,1871033,0.6044
2026-05-28,TCS,EQ,3884.94,3877.55,3888.05,3839.48,3876.06,3876.06,3867.86,1461103,5651341849.58,117308,722369,0.4944
2026-05-29,TCS,EQ,3876.06,3867.72,3933.46,3804.57,3904.39,3904.39,3880.81,3904958,15154400055.98,151211,1565107,0.4008
2026-06-01,TCS,EQ,3904.39,3906.64,3973.77,3839.73,3868.14,3868.14,3893.88,1250713,4870126336.44,144757,583583,0.4666
2026-06-02,TCS,EQ,3868.14,3868.99,3883.38,3823.34,3861.25,3861.25,3855.99,2018141,7781931514.59,61830,1188685,0.589
2026-06-03,TCS,EQ,3861.25,3875.55,3903.18,3793.63,3842.08,3842.08,3846.30,2384755,9172483156.5,103109,1144921,0.4801
2026-06-04,TCS,EQ,3842.08,3873.22,3953.38,3852.32,3895.83,3895.83,3900.51,2063156,8047360609.56,123647,1144226,0.5546
2026-06-05,TCS,EQ,3895.83,3882.01,3925.81,3855.98,3908.11,3908.11,3896.63,3034826,11825594036.38,66598,1614224,0.5319
2026-06-08,TCS,EQ,3908.11,3892.47,3964.92,3862.85,3919.24,3919.24,3915.67,2259731,8848360884.77,102507,1378210,0.6099
2026-06-09,TCS,EQ,3919.24,3917.28,3999.59,3902.33,3953.22,3953.22,3951.71,4539500,17938787545.0,190900,2150361,0.4737
2026-06-10,TCS,EQ,3953.22,3946.60,3989.87,3873.30,3943.11,3943.11,3935.43,2025158,7969867547.94,161035,1166086,0.5758
2026-06-11,TCS,EQ,3943.11,3909.18,3973.60,3879.72,3936.84,3936.84,3930.05,2421140,9515201257.0,148291,1035764,0.4278
2026-06-12,TCS,EQ,3936.84,3919.34,4016.93,3903.68,3965.28,3965.28,3961.96,3656782,14488024012.72,92114,1605327,0.439
2026-06-15,TCS,EQ,3965.28,3962.81,4037.34,3933.02,4017.24,4017.24,3995.87,1766424,7058400668.88,155166,869964,0.4925
2026-06-16,TCS,EQ,4017.24,4005.54,4025.55,3934.16,3969.09,3969.09,3976.27,1985103,7893305505.81,71605,1108680,0.5585
2026-06-17,TCS,EQ,3969.09,3996.42,4043.69,3963.71,3983.81,3983.81,3997.07,3671460,14675082622.2,118844,2075476,0.5653
2026-06-18,TCS,EQ,3983.81,3978.30,4099.64,3943.32,4052.86,4052.86,4031.94,2274118,9169107328.92,176544,1219382,0.5362
2026-06-19,TCS,EQ,4052.86,4036.79,4049.84,3963.07,3975.91,3975.91,3996.27,2247036,8979762555.72,138396,1151831,0.5126
2026-06-22,TCS,EQ,3975.91,3980.34,4038.47,3950.04,4015.85,4015.85,4001.45,1600935,6406061355.75,102853,856500,0.535
2026-06-23,TCS,EQ,4015.85,4045.01,4100.62,3924.76,3943.74,3943.74,3989.71,2473389,9868104827.19,63093,1371247,0.5544
2026-06-24,TCS,EQ,3943.74,3913.07,3941.84,3873.28,3890.99,3890.99,3902.04,3203886,12501691327.44,160002,1546195,0.4826
2026-06-25,TCS,EQ,3890.99,3895.59,3945.05,3880.29,3923.50,3923.50,3916.28,2801835,10972770373.8,175335,1384387,0.4941
2026-06-26,TCS,EQ,3923.50,3923.57,3955.36,3883.42,3896.32,3896.32,3911.70,3569920,13964456064.0,95728,1455813,0.4078
2026-06-29,TCS,EQ,3896.32,3888.35,3925.03,3842.57,3861.30,3861.30,3876.30,1651384,6401259799.2,58790,805050,0.4875
2026-06-30,TCS,EQ,3861.30,3882.42,3939.33,3851.53,3887.96,3887.96,3892.94,3617018,14080834052.92,90494,1745573,0.4826
2026-07-01,TCS,EQ,3887.96,3898.65,3961.01,3853.71,3921.68,3921.68,3912.13,4221778,16516144367.14,112655,2588372,0.6131
2026-07-02,TCS,EQ,3921.68,3935.62,3989.45,3919.63,3934.33,3934.33,3947.80,2593198,10237427064.4,70280,1161234,0.4478
2026-07-03,TCS,EQ,3934.33,3935.06,3968.97,3910.12,3946.86,3946.86,3941.98,4216193,16620148482.14,137197,2447078,0.5804
2026-07-06,TCS,EQ,3946.86,3929.32,3959.40,3896.08,3908.91,3908.91,3921.46,3159613,12390295994.98,89212,1870491,0.592
2026-07-07,TCS,EQ,3908.91,3902.68,3970.48,3850.68,3958.42,3958.42,3926.53,1886946,7409150077.38,112699,1125186,0.5963
2026-07-08,TCS,EQ,3958.42,3987.28,4009.96,3951.01,3992.18,3992.18,3984.38,1490364,5938176514.32,84389,696000,0.467
2026-07-09,TCS,EQ,3992.18,3974.29,4005.29,3915.99,3956.82,3956.82,3959.37,2771746,10974367960.02,162840,1646694,0.5941
2026-07-10,TCS,EQ,3956.82,3959.26,4027.49,3922.74,4002.00,4002.00,3984.08,2373748,9457201931.84,58708,1078631,0.4544
2026-07-13,TCS,EQ,4002.00,3984.16,4140.87,3962.69,4075.10,4075.10,4059.55,2979825,12096748578.75,184643,1556661,0.5224
2026-07-14,TCS,EQ,4075.10,4091.40,4111.71,3993.99,4053.17,4053.17,4052.96,1835952,7441040017.92,136932,1096063,0.597
2026-07-15,TCS,EQ,4053.17,4058.48,4080.15,4036.61,4044.98,4044.98,4053.91,2778730,11264721334.3,99730,1453554,0.5231
2026-07-16,TCS,EQ,4044.98,4034.39,4087.17,3947.60,3976.84,3976.84,4003.87,3177231,12721219883.97,173243,1277882,0.4022
2026-07-17,TCS,EQ,3976.84,3965.61,4081.94,3909.54,4049.06,4049.06,4013.51,1668573,6696834421.23,127594,784062,0.4699
2026-07-20,TCS,EQ,4049.06,4038.29,4054.15,3983.53,4012.53,4012.53,4016.74,4212684,16921256330.16,170457,1688865,0.4009
2026-07-21,TCS,EQ,4012.53,3996.28,4072.19,3987.11,4031.50,4031.50,4030.27,2640222,10640807519.94,73185,1171731,0.4438
2026-07-22,TCS,EQ,4031.50,4040.42,4097.45,3992.19,4031.46,4031.46,4040.37,4630781,18710068628.97,189848,2766429,0.5974
2026-07-23,TCS,EQ,4031.46,4046.42,4075.20,3930.03,3994.45,3994.45,3999.89,2365923,9463431748.47,105946,1454333,0.6147
2026-07-24,TCS,EQ,3994.45,3997.87,4068.59,3978.24,4035.82,4035.82,4027.55,2248149,9054532504.95,118276,960409,0.4272
2026-07-27,TCS,EQ,4035.82,4050.75,4092.95,4013.72,4065.47,4065.47,4057.38,2465556,10003697603.28,78147,1473663,0.5977
2026-07-28,TCS,EQ,4065.47,4053.45,4100.23,3966.00,4076.82,4076.82,4047.68,1213228,4910758711.04,85210,581864,0.4796
2026-07-29,TCS,EQ,4076.82,4103.75,4146.46,4062.92,4077.73,4077.73,4095.70,1555246,6369821042.2,163116,863784,0.5554
2026-07-30,TCS,EQ,4077.73,4106.23,4198.90,4092.26,4151.86,4151.86,4147.67,3830972,15889607635.24,58484,1899013,0.4957
2026-07-31,TCS,EQ,4151.86,4134.01,4159.95,4075.89,4148.71,4148.71,4128.18,2148446,8869171808.28,56305,1288423,0.5997
2026-08-03,TCS,EQ,4148.71,4154.28,4183.34,4078.81,4120.31,4120.31,4127.49,4109717,16962815820.33,64714,2509393,0.6106
2026-08-04,TCS,EQ,4120.31,4136.50,4215.07,4086.54,4172.18,4172.18,4157.93,2807653,11674024638.29,111925,1141592,0.4066
2026-08-05,TCS,EQ,4172.18,4205.05,4235.31,4162.57,4219.23,4219.23,4205.70,1194618,5024204922.6,193045,609016,0.5098
2026-08-06,TCS,EQ,4219.23,4231.05,4257.22,4217.45,4246.62,4246.62,4240.43,1927795,8174679751.85,190330,916088,0.4752
2026-08-07,TCS,EQ,4246.62,4204.98,4267.58,4179.49,4245.54,4245.54,4230.87,1488391,6297188830.17,94833,813257,0.5464
2026-08-10,TCS,EQ,4245.54,4205.34,4279.08,4133.25,4250.19,4250.19,4220.84,2493927,10526466838.68,62915,1372907,0.5505
2026-08-11,TCS,EQ,4250.19,4273.56,4300.03,4164.97,4235.55,4235.55,4233.52,3549728,15027844482.56,96852,2026540,0.5709
2026-08-12,TCS,EQ,4235.55,4236.32,4270.33,4174.12,4211.84,4211.84,4218.76,2471521,10426753933.96,193522,1475251,0.5969
2026-08-13,TCS,EQ,4211.84,4208.31,4229.95,4159.52,4188.98,4188.98,4192.82,2234102,9367187547.64,77774,1374866,0.6154
2026-08-14,TCS,EQ,4188.98,4214.96,4305.69,4183.00,4251.45,4251.45,4246.71,2489116,10570553808.36,150617,1095709,0.4402
2026-08-17,TCS,EQ,4251.45,4283.85,4302.59,4201.17,4275.44,4275.44,4259.73,2793719,11900488635.87,193208,1625106,0.5817
2026-08-18,TCS,EQ,4275.44,4268.15,4315.49,4198.38,4303.72,4303.72,4272.53,2260433,9657767805.49,183817,1336594,0.5913
2026-08-19,TCS,EQ,4303.72,4321.37,4332.53,4256.43,4283.27,4283.27,4290.74,1617818,6941636405.32,190197,838192,0.5181
2026-08-20,TCS,EQ,4283.27,4303.27,4343.13,4265.64,4324.35,4324.35,4311.04,1971725,8500185344.0,104616,1003214,0.5088
2026-08-21,TCS,EQ,4324.35,4298.69,4336.15,4260.68,4308.62,4308.62,4301.82,1734097,7459773156.54,186849,860632,0.4963
2026-08-24,TCS,EQ,4308.62,4298.64,4331.15,4257.11,4273.83,4273.83,4287.36,2115399,9069477056.64,110373,1234547,0.5836
2026-08-25,TCS,EQ,4273.83,4272.74,4354.23,4260.29,4274.20,4274.20,4296.24,1985566,8530468071.84,179856,1180419,0.5945
2026-08-26,TCS,EQ,4274.20,4274.63,4364.16,4226.23,4335.62,4335.62,4308.67,1917342,8261193955.14,82155,987239,0.5149
2026-08-27,TCS,EQ,4335.62,4349.60,4378.71,4223.40,4318.87,4318.87,4306.99,1746567,7522446603.33,78787,986810,0.565
2026-08-28,TCS,EQ,4318.87,4306.20,4336.44,4247.18,4271.31,4271.31,4284.98,1947385,8344505777.3,82751,1015951,0.5217
2026-08-31,TCS,EQ,4271.31,4254.31,4295.16,4132.07,4147.52,4147.52,4191.58,2736416,11469906577.28,72064,1341391,0.4902
2026-09-01,TCS,EQ,4147.52,4145.55,4171.93,4055.37,4071.29,4071.29,4099.53,1316020,5395063470.6,137845,552860,0.4201
2026-09-02,TCS,EQ,4071.29,4061.58,4095.19,3989.16,4068.17,4068.17,4050.84,1466284,5939681878.56,177026,789741,0.5386
2026-09-03,TCS,EQ,4068.17,4073.91,4165.16,4045.60,4123.28,4123.28,4111.35,1962640,8069099964.0,104120,1110462,0.5658
2026-09-04,TCS,EQ,4123.28,4145.09,4169.35,4095.91,4126.76,4126.76,4130.67,3082547,12732984416.49,136489,1260145,0.4088
2026-09-07,TCS,EQ,4126.76,4136.47,4170.38,4091.68,4136.70,4136.70,4132.92,2432141,10051844181.72,183945,1438125,0.5913
2026-09-08,TCS,EQ,4136.70,4119.87,4182.47,4085.22,4173.00,4173.00,4146.90,2851256,11823873506.4,181240,1583302,0.5553
2026-09-09,TCS,EQ,4173.00,4197.47,4257.13,4183.09,4239.15,4239.15,4226.46,2749244,11619569796.24,72500,1139012,0.4143
2026-09-10,TCS,EQ,4239.15,4248.92,4281.57,4200.33,4219.05,4219.05,4233.65,1631305,6906374413.25,122108,990202,0.607
2026-09-11,TCS,EQ,4219.05,4224.35,4275.69,4128.30,4178.07,4178.07,4194.02,3453535,14484194860.7,155203,1699830,0.4922
2026-09-14,TCS,EQ,4178.07,4175.89,4205.93,4110.17,4127.25,4127.25,4147.78,3358243,13929253150.54,71081,1584755,0.4719
2026-09-15,TCS,EQ,4127.25,4119.77,4185.93,4062.17,4137.13,4137.13,4128.41,2349593,9700083237.13,67881,1401297,0.5964
